Category,Shape Area_sqm,GHI_MW,Cost_USD(M)
0,146781.4918,33.83700782,19.26679242
1,2291183.185,481.8021,274.3381069
2,737620.9833,159.8776973,91.03436174
